id,fullName,age,gender,occupation
1,Monique Perel,73,Female,Software Consultant
2,Mersey Kolak,56,Female,Community Outreach Specialist
3,Marja Garratt,92,Female,Speech Pathologist
4,Truman Magrannell,63,Male,Web Designer III
5,Susette Roizin,59,Female,Pharmacist
6,Corina Teather,78,Female,Engineer III
7,Ezechiel Josefowicz,81,Male,Quality Engineer
8,Pip Gelletly,75,Male,Chemical Engineer
9,Georgine Dullingham,64,Female,Food Chemist
10,Armand Wallett,92,Male,Senior Editor
11,Constancy Pirdy,92,Female,Civil Engineer
12,Filbert Krolik,59,Male,Engineer IV
13,Bernice Freschini,53,Female,Research Assistant II
14,Rici Kydde,62,Female,Human Resources Assistant III
15,Brendon Lincoln,46,Male,Technical Writer
16,Dill Gregoletti,32,Male,Executive Secretary
17,Randy Borrow,50,Male,Nuclear Power Engineer
18,Violetta Taffs,18,Female,Systems Administrator III
19,Tedi Turbefield,76,Female,Help Desk Operator
20,Catrina Wardroper,86,Female,Physical Therapy Assistant
